"Province","TotalEmergencyBedsForAnyGender","TotalProvincialPopulation","EmergencyBedsForAnyGenderPer100K","PREABBR","Year"
"AB",2659,4286134,62,"Alta.",2017
"BC",1338,4817160,28,"B.C.",2017
"MB",661,1338109,49,"Man.",2017
"NB",81,759655,11,"N.B.",2017
"NL",36,528817,7,"N.L.",2017
"NS",45,953869,5,"N.S.",2017
"ON",2844,14193384,20,"Ont.",2017
"QC",690,8394034,8,"Que.",2017
"SK",75,1163925,6,"Sask.",2017
"PI",0,152021,0,"P.E.I.",2017
